"CITY_ID","CITY_NAME","STATE_ID","STATUS","CREATED_BY","CREATED_ON","MODIFIED_BY","MODIFIED_ON"
3236,"Moga",32,1,"",,"",
3237,"Mohali",32,1,"",,"",
3241,"Muktsar",32,1,"",,"",
3246,"Nabha",32,1,"",,"",
3253,"Pathankot",32,1,"",,"",
3254,"Patiala",32,1,"",,"",
3258,"Phagwara",32,1,"",,"",
3264,"Rajpura",32,1,"",,"",
3276,"Sangrur",32,1,"",,"",
3286,"Sunam",32,1,"",,"",
3293,"Zirakpur",32,1,"",,"",
3295,"Ajmer",33,1,"",,"",
3297,"Alwar",33,1,"",,"",
3313,"Barmer",33,1,"",,"",
1551,"Belgaum",17,1,"",,"",
1553,"Bellary",17,1,"",,"",
1558,"Bengaluru",17,1,"",,"",
1589,"Chitradurga",17,1,"",,"",
1594,"Davangere",17,1,"",,"",
1615,"Gulbarga",17,1,"",,"",
1647,"Hubli",17,1,"",,"",
1678,"Kolar",17,1,"",,"",
1684,"Koppal",17,1,"",,"",
1724,"Mandya",17,1,"",,"",
1725,"Mangalore",17,1,"",,"",
1726,"Mangaluru",17,1,"",,"",
1750,"Mysore",17,1,"",,"",
1797,"Shimoga",17,1,"",,"",
972,"Sidhi",21,1,"",,"",
973,"Saharanpur",38,1,"",,"",
3625,"Attur",35,1,"",,"",
3659,"Chennai",35,1,"",,"",
3683,"Coimbatore",35,1,"",,"",
3686,"Cuddalore",35,1,"",,"",
3701,"Dharapuram",35,1,"",,"",
3702,"Dharmapuri",35,1,"",,"",
3703,"Dindigul",35,1,"",,"",
3714,"Erode",35,1,"",,"",
3737,"Hosur",35,1,"",,"",
3769,"Kallakkurichi",35,1,"",,"",
3783,"Kanchipuram",35,1,"",,"",
3796,"Kanyakumari",35,1,"",,"",
3811,"Karur",35,1,"",,"",
3846,"Kodaikanal",35,1,"",,"",
3872,"Kovilpatti",35,1,"",,"",
3874,"Krishnagiri",35,1,"",,"",
970,"Suri",41,1,"",,"",
971,"Srikakulam",2,1,"",,"",
961,"Firozpur Cantt",32,1,"",,"",
1827,"Tumkur",17,1,"",,"",
1829,"Udupi",17,1,"",,"",
1848,"Alappuzha",19,1,"",,"",
1849,"Aluva",19,1,"",,"",
1875,"Cherthala",19,1,"",,"",
1901,"Irinjalakuda",19,1,"",,"",
1912,"Kalpetta",19,1,"",,"",
1921,"Kannur",19,1,"",,"",
1923,"Karunagappally",19,1,"",,"",
1937,"Kollam",19,1,"",,"",
1943,"Kottayam",19,1,"",,"",
1947,"Kozhikode",19,1,"",,"",
1953,"Kunnamkulam",19,1,"",,"",
1960,"Malappuram",19,1,"",,"",
1962,"Manjeri",19,1,"",,"",
1997,"Palakkad",19,1,"",,"",
2009,"Pathanamthitta",19,1,"",,"",
2015,"Payyannur",19,1,"",,"",
2041,"Thalassery",19,1,"",,"",
2044,"Thiruvalla",19,1,"",,"",
2050,"Thrissur",19,1,"",,"",
2053,"Vadakara",19,1,"",,"",
943,"Vidhyadhar nagar",33,1,"",,"",
944,"Murshidabad",41,1,"",,"",
945,"Hazaribagh",16,1,"",,"",
3912,"Madurai",35,1,"",,"",
3950,"Mayiladuthurai",35,1,"",,"",
3964,"Mettupalayam",35,1,"",,"",
3996,"Nagercoil",35,1,"",,"",
4001,"Namakkal",35,1,"",,"",
4050,"Ooty",35,1,"",,"",
4065,"Palani",35,1,"",,"",
4112,"Perambalur",35,1,"",,"",
4136,"Pollachi",35,1,"",,"",
921,"Muvattupuzha",19,1,"",,"",
5509,"Gudivada",2,1,"",,"",
4170,"Rajapalayam",35,1,"",,"",
4171,"Ramanathapuram",35,1,"",,"",
4183,"Salem",35,1,"",,"",
4228,"Sivaganga",35,1,"",,"",
4252,"Tambaram",35,1,"",,"",
4256,"Tenkasi",35,1,"",,"",
4263,"Thanjavur",35,1,"",,"",
4298,"Thiruvarur",35,1,"",,"",
4316,"Tiruchengode",35,1,"",,"",
4324,"Tirunelveli",35,1,"",,"",
4326,"Tirupattur",35,1,"",,"",
4328,"Tirupur",35,1,"",,"",
4341,"Tuticorin",35,1,"",,"",
4423,"Villupuram",35,1,"",,"",
4432,"Virudhachalam",35,1,"",,"",
4433,"Virudhunagar",35,1,"",,"",
4460,"Hyderabad",36,1,"",,"",
4467,"Khammam",36,1,"",,"",
4474,"Mahbubnagar",36,1,"",,"",
4480,"Miryalaguda",36,1,"",,"",
4483,"Nalgonda",36,1,"",,"",
4487,"Nizamabad",36,1,"",,"",
4490,"Ramagundam",36,1,"",,"",
4493,"Sangareddy",36,1,"",,"",
4496,"Secunderabad",36,1,"",,"",
4500,"Suryapet",36,1,"",,"",
4505,"Warangal",36,1,"",,"",
4508,"Agartala",37,1,"",,"",
4536,"Agra",38,1,"",,"",
4546,"Allahabad",38,1,"",,"",
4612,"Bareilly",38,1,"",,"",
4759,"Ghaziabad",38,1,"",,"",
4830,"Jhansi",38,1,"",,"",
4861,"Kanpur",38,1,"",,"",
4933,"Lucknow",38,1,"",,"",
4962,"Mathura",38,1,"",,"",
5022,"Noida",38,1,"",,"",
5211,"Varanasi",38,1,"",,"",
5236,"Dehradun",39,1,"",,"",
5251,"Haldwani",39,1,"",,"",
5252,"Haridwar",39,1,"",,"",
5261,"Kashipur",39,1,"",,"",
5295,"Rishikesh",39,1,"",,"",
5297,"Roorkee",39,1,"",,"",
5299,"Rudrapur",39,1,"",,"",
5401,"Alipurduar",41,1,"",,"",
5402,"Arambagh",41,1,"",,"",
5403,"Asansol",41,1,"",,"",
5404,"Bagnan",41,1,"",,"",
5405,"Baroda",12,1,"",,"",
5406,"Bankura",41,1,"",,"",
5407,"Bangalore",17,1,"",,"",
5408,"Waidhan",21,1,"",,"",
5409,"Vizag",2,1,"",,"",
969,"Theni",35,1,"",,"",
5411,"Trivandrum",19,1,"",,"",
5412,"Trichy",35,1,"",,"",
5413,"Trichur",19,1,"",,"",
5414,"Tiruchirappalli",35,1,"",,"",
5415,"Thiruvallur",35,1,"",,"",
5416,"Tanjore",35,1,"",,"",
5417,"Taliparamba",19,1,"",,"",
974,"Rupnagar",32,1,"",,"",
5495,"Kottarakkara",19,1,"",,"",
5420,"Siliguri",41,1,"",,"",
5421,"Sikharpur",29,1,"",,"",
5422,"Shahbad Markanda",13,1,"",,"",
5423,"Seuri",41,1,"",,"",
5424,"Raniganj",41,1,"",,"",
5425,"Bardhaman",41,1,"",,"",
5426,"Basirhat",41,1,"",,"",
5496,"Kottakkal",19,1,"",,"",
5497,"Kothamangalam",19,1,"",,"",
5429,"Bhanugudi",2,1,"",,"",
5430,"Bhatinda",32,1,"",,"",
5498,"Kondotty",19,1,"",,"",
5441,"Bolpur",41,1,"",,"",
5442,"Bongaon",41,1,"",,"",
5443,"Brahmapur Town",41,1,"",,"",
5444,"Burdwan",41,1,"",,"",
5445,"Calicut",19,1,"",,"",
5446,"Chalakudy",19,1,"",,"",
5447,"Changanassery",19,1,"",,"",
5448,"Ranaghat",41,1,"",,"",
5449,"Rampurhat",41,1,"",,"",
5450,"Raiganj",41,1,"",,"",
5506,"Idukki",35,1,"",,"",
5452,"Purulia",41,1,"",,"",
5453,"Pinjore",13,1,"",,"",
5507,"Hassan",17,1,"",,"",
5508,"Harihar",17,1,"",,"",
5511,"Dhar",21,1,"",,"",
5457,"Nabadwip",41,1,"",,"",
5458,"Medinipur",41,1,"",,"",
5459,"Mecheda",41,1,"",,"",
5460,"Mannarkkad",19,1,"",,"",
5461,"Malda",41,1,"",,"",
5462,"Cochin",19,1,"",,"",
5512,"Deoghar",16,1,"",,"",
5513,"Damoh",21,1,"",,"",
5517,"Champa",7,1,"",,"",
5466,"Kothagudem",36,1,"",,"",
5518,"Bidhannagar",41,1,"",,"",
5468,"Kolkata",41,1,"",,"",
5469,"Karaikudi",35,1,"",,"",
5470,"Jalpaiguri",41,1,"",,"",
5471,"Hooghly",41,1,"",,"",
5472,"Haldia",41,1,"",,"",
5474,"Howrah",41,1,"",,"",
5481,"Dharwad",17,1,"",,"",
5482,"Darjeeling",41,1,"",,"",
5483,"Cooch Behar",41,1,"",,"",
5484,"Chittaranjan",41,1,"",,"",
962,"Belthangady",17,1,"",,"",
5620,"vashi",22,1,"",,"",
5643,"SIWAN",5,1,"",,"",
5695,"NEYVELI",35,1,"",,"",
5696,"NAWGONG",21,1,"",,"",
5697,"NAWANSHAHR",32,1,"",,"",
5698,"NALBARI",4,1,"",,"",
5699,"NAIHATI",41,1,"",,"",
5700,"MUZAFFARNAGAR",38,1,"",,"",
5701,"MUSSOORIE",39,1,"",,"",
5702,"MORADABAD",38,1,"",,"",
5703,"MONGHYR",5,1,"",,"",
5704,"MONGALDOI",4,1,"",,"",
5705,"MOKAMEH",5,1,"",,"",
5706,"Mughalsarai",38,1,"",,"",
5707,"MIRZAPUR",38,1,"",,"",
5708,"MIDNAPORE",41,1,"",,"",
5709,"MERCARA",17,1,"",,"",
5712,"MAU",38,1,"",,"",
5713,"MANDI",14,1,"",,"",
5714,"MAHABUBNAGAR",36,1,"",,"",
5751,"Chinsurah",41,1,"",,"",
5752,"Chikmagalur",17,1,"",,"",
5753,"Changanacherry",19,1,"",,"",
5754,"Chhapra",5,1,"",,"",
5755,"Chandannagar",41,1,"",,"",
5763,"Begusarai",5,1,"",,"",
5764,"Baharampur",41,1,"",,"",
6072,"ORAS",22,1,"",,"",
6073,"CHANASMA",12,1,"",,"",
6074,"SEONI MALWA",21,1,"",,"",
6075,"HONAWAR",17,1,"",,"",
6076,"ANKOLA",17,1,"",,"",
6077,"RAWATSAR",33,1,"",,"",
6078,"HOLENARASIPUR",17,1,"",,"",
6079,"MULTAI",21,1,"",,"",
6080,"ODDANCHATRAM",35,1,"",,"",
6081,"GUDALUR",35,1,"",,"",
6082,"MOUDA",22,1,"",,"",
6083,"ARANTHANGI",35,1,"",,"",
6084,"SADULSHAHAR",33,1,"",,"",
6085,"PARBATSAR",33,1,"",,"",
6086,"DHANERA",12,1,"",,"",
6087,"MANGROL",12,1,"",,"",
6088,"PONNAMARAVATHI",35,1,"",,"",
6089,"SIRKALI",35,1,"",,"",
6090,"SWARUPGANJ",33,1,"",,"",
6091,"KANDUKUR",2,1,"",,"",
6092,"SHAHPURA",33,1,"",,"",
6093,"TEKKALI",2,1,"",,"",
6094,"VISAVADAR",12,1,"",,"",
6095,"MANAVADAR",12,1,"",,"",
6096,"THURAIYUR",35,1,"",,"",
6097,"ANNUR",35,1,"",,"",
6098,"ARIYALUR",35,1,"",,"",
6099,"THIRUVANAMALAI",35,1,"",,"",
6100,"HOLALKERE",17,1,"",,"",
6101,"YELAMANCHILI",2,1,"",,"",
6102,"VIJAYAPURA",17,1,"",,"",
6103,"AVINASHI",35,1,"",,"",
6104,"BHIMADOLE",2,1,"",,"",
6105,"MANSA PB",32,1,"",,"",
6106,"NEEMRANA",33,1,"",,"",
6107,"AMARAVATHI",2,1,"",,"",
6108,"KAGAL",22,1,"",,"",
6109,"RAIRANGPUR",29,1,"",,"",
6110,"SAHA",13,1,"",,"",
6111,"SAMALKHA",13,1,"",,"",
6112,"FAZILKA",32,1,"",,"",
6113,"RAILMAGARA",33,1,"",,"",
6114,"JALESWAR",29,1,"",,"",
6115,"DAUSA",33,1,"",,"",
6116,"BALUGAON",29,1,"",,"",
6117,"THANAGAZI",33,1,"",,"",
6118,"MUKERIAN",32,1,"",,"",
6119,"KANIHA",29,1,"",,"",
6120,"MANCHERIAL",36,1,"",,"",
6121,"SASARAM",5,1,"",,"",
6122,"MUSIRI",35,1,"",,"",
6123,"MERTA CITY",33,1,"",,"",
6124,"JOGINDER NAGAR",14,1,"",,"",
6125,"MEMARI",41,1,"",,"",
6126,"DUNGARPUR",33,1,"",,"",
6127,"INDAPUR",22,1,"",,"",
6128,"INDRI",13,1,"",,"",
6129,"RAIBAREILLY",38,1,"",,"",
6130,"ADIMALI",19,1,"",,"",
6131,"MALERKOTLA",32,1,"",,"",
6132,"DASUYA",32,1,"",,"",
6133,"GOHANA",13,1,"",,"",
6134,"NAYAGARH",29,1,"",,"",
6135,"LADWA",13,1,"",,"",
6136,"RAMPURA PHUL",32,1,"",,"",
6137,"AMARPATAN",21,1,"",,"",
6138,"KOOTHATTUKULAM",19,1,"",,"",
6139,"KODUNGALOOR",19,1,"",,"",
6140,"NAKODAR",32,1,"",,"",
6141,"DHARMABAD",22,1,"",,"",
6142,"TOHANA",13,1,"",,"",
5710,"MENJERI",19,1,"",,"",
5711,"MEERUT",38,1,"",,"",
6143,"CHIRMIRI",7,1,"",,"",
5929,"GOBICHETTIPALAYAM",35,1,"",,"",
5930,"SARNI",21,1,"",,"",
5931,"BABRA",12,1,"",,"",
5932,"SIURI",41,1,"",,"",
5933,"UDHAGAMANDALAM",35,1,"",,"",
5934,"BILAGI",17,1,"",,"",
5935,"NEEMUCH",21,1,"",,"",
5936,"GOOTY",2,1,"",,"",
5937,"YEMMIGANUR",2,1,"",,"",
5938,"TIRORA",22,1,"",,"",
5939,"BANGANAGAR",41,1,"",,"",
5940,"NARSIPATNAM",2,1,"",,"",
5941,"ANUPPUR",21,1,"",,"",
5942,"CHATRA",16,1,"",,"",
5943,"KRISHNA",2,1,"",,"",
5944,"BHARATPUR",33,1,"",,"",
5945,"DHAMNOD",21,1,"",,"",
5946,"BARWANI",21,1,"",,"",
5947,"BADNAGAR",21,1,"",,"",
5948,"LUNAVADA",12,1,"",,"",
5949,"KANNADIPARAMBA",19,1,"",,"",
5950,"SRIVILLIPUTHUR",35,1,"",,"",
5951,"ARUPPUKOTTAI",35,1,"",,"",
5952,"GADARWARA",21,1,"",,"",
5953,"FATEHPUR RJ",33,1,"",,"",
5954,"LONAND",22,1,"",,"",
5955,"VANIYAMBADI",35,1,"",,"",
5956,"NAGAPATTINAM",35,1,"",,"",
5957,"AMBASAMUDRAM",35,1,"",,"",
5958,"DHARMAVARAM",2,1,"",,"",
5959,"TIRUKKOYILUR",35,1,"",,"",
5960,"SOMPETA",2,1,"",,"",
5961,"GINGEE",35,1,"",,"",
5962,"EDAPPADI",35,1,"",,"",
5963,"GAJENDRAGARH",17,1,"",,"",
5964,"SOJAT",33,1,"",,"",
5965,"NAWALGARH",33,1,"",,"",
5966,"METTUR",35,1,"",,"",
5967,"CHHABRA",33,1,"",,"",
5968,"SENDHWA",21,1,"",,"",
5969,"KADIRI",2,1,"",,"",
5970,"BOBBILI",2,1,"",,"",
5971,"SIRSI",17,1,"",,"",
5972,"CHIDAMBARAM",35,1,"",,"",
5973,"SAMALKOTA",2,1,"",,"",
5974,"SAIDAPUR",17,1,"",,"",
5975,"PRANTIJ",12,1,"",,"",
5976,"TOSHAM",13,1,"",,"",
5977,"LAXMANGARH",33,1,"",,"",
5978,"ITAWA",33,1,"",,"",
5979,"GULABPURA",33,1,"",,"",
5980,"ANTA",33,1,"",,"",
5981,"NOWGONG",21,1,"",,"",
5982,"DEVAKOTTAI",35,1,"",,"",
5983,"JAITARAN",33,1,"",,"",
5984,"SANGARIYA",33,1,"",,"",
5985,"DUDU",33,1,"",,"",
5986,"PANNA",21,1,"",,"",
5987,"SULLURPETA",2,1,"",,"",
5988,"DINDORI MH",22,1,"",,"",
5989,"KAPASAN",33,1,"",,"",
5990,"VINUKONDA",2,1,"",,"",
5991,"NARSAPUR",2,1,"",,"",
5992,"PARAMAKUDI",35,1,"",,"",
5993,"TIRUVARUR",35,1,"",,"",
5994,"SANKARANKOVIL",35,1,"",,"",
5995,"MELUR",35,1,"",,"",
5996,"NASRULLAGANJ",21,1,"",,"",
5997,"RASIPURAM",35,1,"",,"",
5998,"KARELI",21,1,"",,"",
5999,"SHEOGANJ",33,1,"",,"",
6000,"BHINMAL",33,1,"",,"",
6001,"SAKOLI",22,1,"",,"",
6002,"HOSADURGA",17,1,"",,"",
6003,"KALAYAR KOVIL",35,1,"",,"",
6004,"PULIVENDLA",2,1,"",,"",
6005,"TAGARAPUVALASA",2,1,"",,"",
6006,"SARDARSHAHAR",33,1,"",,"",
6007,"NABAGRAM",41,1,"",,"",
6008,"NAIDUPETA",2,1,"",,"",
6009,"CHEYYAR",35,1,"",,"",
6010,"BEMETARA",7,1,"",,"",
6011,"ABHANPUR",7,1,"",,"",
6012,"MULBAGAL",17,1,"",,"",
6013,"MACHERLA",2,1,"",,"",
6014,"BADVEL",2,1,"",,"",
6015,"KURUD",7,1,"",,"",
6016,"MUNGELI",7,1,"",,"",
6017,"MALUR",17,1,"",,"",
6018,"DEVANAHALLI",17,1,"",,"",
6019,"FALNA",33,1,"",,"",
6020,"KOLAR GOLD FIELD",17,1,"",,"",
6021,"PONNUR",2,1,"",,"",
6022,"KALAMB",22,1,"",,"",
6023,"TALCHER",29,1,"",,"",
6024,"PADAMPUR",33,1,"",,"",
6025,"SURANDAI",35,1,"",,"",
6026,"MAIDUKUR",2,1,"",,"",
6027,"PALAI",19,1,"",,"",
6028,"KORATAGERE",17,1,"",,"",
6029,"KOMARAPALAYAM",35,1,"",,"",
6030,"SRI VIJAINAGAR",33,1,"",,"",
6031,"MANSA",12,1,"",,"",
6032,"JANGAREDDYGUDEM",2,1,"",,"",
6033,"MADDUR",17,1,"",,"",
6034,"SANDUR",17,1,"",,"",
6035,"HANGAL",17,1,"",,"",
6036,"MEDHA",22,1,"",,"",
6037,"MUDDEBIHAL",17,1,"",,"",
6038,"PORUMAMILLA",2,1,"",,"",
6039,"NANGAL",32,1,"",,"",
6040,"PAMIDI",2,1,"",,"",
6041,"BHOKAR",22,1,"",,"",
6042,"GHARAUNDA",13,1,"",,"",
6043,"KALNA",41,1,"",,"",
6044,"SIRHIND",32,1,"",,"",
6045,"MALOUT",32,1,"",,"",
6046,"KATTAPANA",19,1,"",,"",
6047,"ERAL",35,1,"",,"",
6048,"VENKATAGIRI",2,1,"",,"",
6049,"BISHNUPUR",41,1,"",,"",
6050,"KARAIKAL",31,1,"",,"",
6051,"BHAWANIPATNA",29,1,"",,"",
6052,"TINDIVANAM",35,1,"",,"",
6053,"NAIGAON",22,1,"",,"",
6054,"GARHSHANKAR",32,1,"",,"",
6055,"DHUPGURI",41,1,"",,"",
6056,"ARANI",35,1,"",,"",
6057,"SORO",29,1,"",,"",
6058,"HALVAD",12,1,"",,"",
6059,"NATEPUTE",22,1,"",,"",
6060,"THIRUTHANI",35,1,"",,"",
6061,"NIDADAVOLU",2,1,"",,"",
6062,"VILATHIKULAM",35,1,"",,"",
6063,"UNA",14,1,"",,"",
6064,"KALLAKURICHI",35,1,"",,"",
6065,"SULTAN BATHERY",19,1,"",,"",
6066,"SUPA MH",22,1,"",,"",
6067,"GANGAKHED",22,1,"",,"",
6068,"PEHOWA",13,1,"",,"",
6069,"SAUSAR",21,1,"",,"",
6070,"KARAMALA",22,1,"",,"",
6071,"PANRUTI",35,1,"",,"",
6247,"NARAYANGAON",22,1,"",,"",
6248,"AMBAD",22,1,"",,"",
6249,"TALODE",22,1,"",,"",
6250,"KURUDWADI",22,1,"",,"",
6251,"ZAHIRABAD",36,1,"",,"",
6252,"PINDWARA",33,1,"",,"",
6253,"SANAND",12,1,"",,"",
6254,"VARANGAON",22,1,"",,"",
6255,"KAMPTEE",22,1,"",,"",
6256,"KHED",22,1,"",,"",
6257,"PENNAGARAM",35,1,"",,"",
6258,"NIMBAHERA",33,1,"",,"",
6259,"YAWAL",22,1,"",,"",
6260,"KARJAN",12,1,"",,"",
6261,"TIRUCHIRAPALLY",35,1,"",,"",
6262,"SASVAD",22,1,"",,"",
6263,"MOHOL",22,1,"",,"",
6264,"TASGAON",22,1,"",,"",
6265,"SINNAR",22,1,"",,"",
6266,"DONDAICHA",22,1,"",,"",
6267,"MAVELIKARA",19,1,"",,"",
6268,"ANJAR",12,1,"",,"",
6269,"HARDWAR",39,1,"",,"",
6270,"SHRIRAMPUR",22,1,"",,"",
6271,"BELPAHAR",17,1,"",,"",
6272,"IDAR",12,1,"",,"",
6273,"WARANANAGAR",22,1,"",,"",
6274,"KAMAREDDY",36,1,"",,"",
6275,"SRIGANGANAGAR",13,1,"",,"",
6276,"SANTIPUR",41,1,"",,"",
6277,"KATOL",22,1,"",,"",
6278,"THOOTHUKKUDI",35,1,"",,"",
6279,"NABEEN",29,1,"",,"",
6280,"PADRA",12,1,"",,"",
6281,"BRAHMAVAR",17,1,"",,"",
6282,"HINGOLI",22,1,"",,"",
6283,"CUDDAPAH",2,1,"",,"",
6284,"DEULGAON RAJA",22,1,"",,"",
6285,"CHAS",16,1,"",,"",
6286,"SUPA",17,1,"",,"",
6287,"AKLUJ",22,1,"",,"",
6288,"ANANTHAPUR",2,1,"",,"",
6289,"UMARGAM",12,1,"",,"",
6290,"NEEM KA THANA",33,1,"",,"",
6291,"BURHAR",21,1,"",,"",
6292,"MORSHI",22,1,"",,"",
6293,"LIMKHEDA",12,1,"",,"",
6294,"KESHOD",12,1,"",,"",
6295,"SHIRVAL",22,1,"",,"",
6296,"BAYAD",12,1,"",,"",
6297,"SAVDA",22,1,"",,"",
6298,"VADIA",12,1,"",,"",
6299,"WANAPARTHI",36,1,"",,"",
6300,"SUJANPUR",32,1,"",,"",
6301,"SANTRAMPUR",12,1,"",,"",
6302,"WAI",22,1,"",,"",
6303,"WAYANAD",19,1,"",,"",
6304,"SATANA",22,1,"",,"",
6305,"DAPOLI",22,1,"",,"",
6306,"JASIDIH",16,1,"",,"",
6307,"NIRMAL",36,1,"",,"",
6308,"DERABASSI",6,1,"",,"",
6309,"BICHOLIM",11,1,"",,"",
6310,"PAYYANUR",19,1,"",,"",
6311,"SRIPERUMBUDUR",35,1,"",,"",
6312,"AMBHAJOGAI",22,1,"",,"",
6313,"SIMULIA",29,1,"",,"",
6314,"ACHALPUR PARATWADA",22,1,"",,"",
6315,"MANSAR",22,1,"",,"",
6316,"URAN",22,1,"",,"",
6317,"BYNDOOR",17,1,"",,"",
6318,"SIDDIPET",36,1,"",,"",
6319,"PATTAMUNDAI",29,1,"",,"",
6320,"KULLU",14,1,"",,"",
6321,"KENDUJHAR",29,1,"",,"",
6322,"DARYAPUR",22,1,"",,"",
6323,"MIHIJAM",41,1,"",,"",
6324,"BUTIBORI",22,1,"",,"",
6325,"RANGA REDDY",36,1,"",,"",
6326,"RAJAMPET",2,1,"",,"",
6327,"KUTCH",12,1,"",,"",
6328,"ALLEPPEY",19,1,"",,"",
6329,"NANDGAON",22,1,"",,"",
6330,"SIOLIM",11,1,"",,"",
6331,"ATHANI",17,1,"",,"",
6332,"PRODDATUR",2,1,"",,"",
6333,"NEDUMANGAD",19,1,"",,"",
6334,"ULHASNAGAR",22,1,"",,"",
6335,"BAHULA",41,1,"",,"",
6336,"SAYAN",12,1,"",,"",
6337,"JAGTIAL",36,1,"",,"",
6338,"SATTUR",35,1,"",,"",
6339,"UNDRI",22,1,"",,"",
6340,"JHUMRI TILAIYA",16,1,"",,"",
6341,"SHAHDAB MARKANDA",13,1,"",,"",
6342,"DEORUKH",22,1,"",,"",
6343,"LADNUN",33,1,"",,"",
6344,"SATLASANA",12,1,"",,"",
6345,"MADIVALA",17,1,"",,"",
6346,"AHMEDPUR",22,1,"",,"",
6347,"SHAHABAD MARKANDA",13,1,"",,"",
6348,"PILIBHIT",38,1,"",,"",
6349,"MEHKAR",22,1,"",,"",
6350,"PAITHAN",22,1,"",,"",
6351,"JANJGIR CHAMPA",7,1,"",,"",
6352,"NARKHED",22,1,"",,"",
6353,"CORLIM",11,1,"",,"",
6354,"BALLAVPUR",41,1,"",,"",
6355,"KOTKAPURA",32,1,"",,"",
6356,"KHURAI",21,1,"",,"",
6357,"NEELAMANGLA",17,1,"",,"",
6358,"MAYURBHANJ",29,1,"",,"",
6359,"JOYNAGAR",41,1,"",,"",
6466,"Sathyamangalam",35,1,"",,"",
6467,"Chinthalapudi",2,1,"",,"",
6468,"Becharaji",12,1,"",,"",
6469,"Bilaspur Hr",13,1,"",,"",
6470,"Chikhli Gj",12,1,"",,"",
6471,"Fatepura",12,1,"",,"",
6472,"Jalalabad",32,1,"",,"",
6473,"Karera",21,1,"",,"",
6474,"Kasibugga",2,1,"",,"",
6475,"Manawar",21,1,"",,"",
6476,"Talawandi Saboo",32,1,"",,"",
6477,"Penukonda",2,1,"",,"",
6478,"Sawai Madhopur",33,1,"",,"",
6479,"Shindurni",22,1,"",,"",
6480,"Shrigonda",22,1,"",,"",
6481,"Umorkote",29,1,"",,"",
6482,"Yanam",31,1,"",,"",
6483,"Kodangal",36,1,"",,"",
5551,"Akot",22,1,"",,"",
5552,"Anantpur",2,1,"",,"",
5553,"B C Road",17,1,"",,"",
5554,"Bagalkot",17,1,"",,"",
5555,"Banswara",33,1,"",,"",
5556,"Baramati",22,1,"",,"",
5557,"Baran",33,1,"",,"",
5560,"Bhuj",12,1,"",,"",
5561,"Bidar",17,1,"",,"",
5562,"Bijapur",17,1,"",,"",
5563,"Bundi",33,1,"",,"",
5564,"Chhindwara",21,1,"",,"",
5565,"Chopda",22,1,"",,"",
5567,"Gadag",17,1,"",,"",
5568,"Ganganagar",33,1,"",,"",
5569,"Gokak",17,1,"",,"",
5570,"Guna",21,1,"",,"",
5571,"Hanumangarh",33,1,"",,"",
5572,"Haveri",17,1,"",,"",
5573,"Hospet",17,1,"",,"",
5574,"Jajpur Road",29,1,"",,"",
5575,"Jamner",22,1,"",,"",
5576,"Karvar",17,1,"",,"",
5577,"Khandwa",21,1,"",,"",
5578,"Kishangarh",33,1,"",,"",
5599,"Satna",21,1,"",,"",
5600,"Sehore",21,1,"",,"",
5601,"Shahapur",17,1,"",,"",
5602,"Sikar",33,1,"",,"",
5603,"Sujangarh",33,1,"",,"",
5604,"Suratgarh",33,1,"",,"",
5607,"Thiruvannamalai",36,1,"",,"",
5608,"Vidisha",21,1,"",,"",
5609,"Vizianagram",2,1,"",,"",
5610,"Marthandam",35,1,"",,"",
5611,"Abu Road",33,1,"",,"",
62,"Nuziveedu",2,1,"",,"",
63,"Rajam",2,1,"",,"",
64,"Pileru",2,1,"",,"",
66,"Semiliguda",29,1,"",,"",
5524,"Talchar",29,1,"",,"",
5525,"Unnao",38,1,"",,"",
5526,"Contai",41,1,"",,"",
5527,"Arrah",5,1,"",,"",
5528,"Katwa",41,1,"",,"",
5529,"Angul",29,1,"",,"",
5530,"Purnia",5,1,"",,"",
5531,"Perambra",19,1,"",,"",
5532,"Pala",19,1,"",,"",
5533,"Mhow",21,1,"",,"",
5534,"Thamarasseri",19,1,"",,"",
5535,"Tinsukhia",4,1,"",,"",
5536,"Darbhanga",5,1,"",,"",
5537,"Jorahat",4,1,"",,"",
5538,"Pilbhit",38,1,"",,"",
5539,"Akkalkot",22,1,"",,"",
5540,"Motihari",5,1,"",,"",
5541,"Samastipur",5,1,"",,"",
5542,"Sivasagar",4,1,"",,"",
5543,"Chatarpur",29,1,"",,"",
5544,"Piduguralla",2,1,"",,"",
5545,"Karaikkal",35,1,"",,"",
5546,"Chikballapur",17,1,"",,"",
5549,"Jhunjhunu",33,1,"",,"",
5550,"Mysuru",17,1,"",,"",
5558,"Barshi",22,1,"",,"",
5559,"Beawar",33,1,"",,"",
5566,"Davanagere",17,1,"",,"",
5579,"Kundapura",17,1,"",,"",
5580,"Morbi",12,1,"",,"",
5581,"Mehsana",12,1,"",,"",
5582,"Mundra",12,1,"",,"",
5583,"Nadiad",12,1,"",,"",
5584,"Nelambur",19,1,"",,"",
5585,"Gurugram",13,1,"",,"",
5586,"Ottappalam",19,1,"",,"",
5587,"Palakad",19,1,"",,"",
5588,"Palakollu",2,1,"",,"",
5589,"Palasa Kasibugga",2,1,"",,"",
5590,"Paratwada",22,1,"",,"",
5591,"Parvathipuram",2,1,"",,"",
5592,"Pattukottai",35,1,"",,"",
5593,"Pimpalgaon",22,1,"",,"",
5594,"Produtur",2,1,"",,"",
5595,"Pudukkottai",35,1,"",,"",
5596,"Puttur",17,1,"",,"",
5597,"Raichur",17,1,"",,"",
5598,"Rajnandangaon",7,1,"",,"",
5605,"Surendranagar",12,1,"",,"",
5606,"Tadipatri",2,1,"",,"",
5612,"Chikhli",12,1,"",,"",
5613,"Dhanmod",21,1,"",,"",
5614,"Junagadh",12,1,"",,"",
5615,"Kadi",12,1,"",,"",
5616,"Kamrej",12,1,"",,"",
5617,"Katni",21,1,"",,"",
5618,"Kotputli",33,1,"",,"",
5619,"Rewa",21,1,"",,"",
65,"Bhavanipatna",29,1,"",,"",
5547,"Bina Etawa",21,1,"",,"",
5548,"Tiruchendur",35,1,"",,"",
5623,"Tripanithura",19,1,"",,"",
5624,"Hardoi",38,1,"",,"",
5625,"Hanamkonda",36,1,"",,"",
5626,"Hamirpur",14,1,"",,"",
5627,"Hajipur",5,1,"",,"",
5628,"Habra",41,1,"",,"",
5629,"Tinsukia",4,1,"",,"",
5630,"Greater Noida",38,1,"",,"",
5631,"GORAKHPUR",38,0,"",,"",
5632,"Gorakhpur",38,1,"",,"",
5633,"THRICHUR",19,1,"",,"",
5634,"Golaghat",4,1,"",,"",
5635,"THIRUVANANTHAPURAM",19,1,"",,"",
5636,"Ganjam",29,1,"",,"",
5637,"Forbesganj",5,1,"",,"",
5638,"Tezpur",4,1,"",,"",
5639,"Tellicherry",19,1,"",,"",
5640,"Sultanpur",38,1,"",,"",
5641,"SRINAGAR",15,1,"",,"",
5642,"SOPORE",15,1,"",,"",
5645,"SIBSAGAR",4,1,"",,"",
5646,"SHAHJAHANPUR",38,1,"",,"",
5647,"Hoskote",17,1,"",,"",
5650,"ROHATAK",13,1,"",,"",
5651,"Itanagar",43,1,"",,"",
5652,"RAXAUL",5,1,"",,"",
5653,"Jamalpore",12,1,"",,"",
5654,"RAVATBHATA",33,1,"",,"",
5655,"Janakpuri",10,1,"",,"",
5656,"Jaunpur",38,1,"",,"",
5657,"Jorhat",4,1,"",,"",
5665,"KHARGONE",21,1,"",,"",
5666,"KISHANGANJ",5,1,"",,"",
5668,"KOCHI",19,1,"",,"",
5669,"KOTTACHERRY",19,1,"",,"",
5670,"KOTTAKAL",19,1,"",,"",
5671,"KOTTARAM",35,1,"",,"",
5672,"KUNDLIHARYANA",13,1,"",,"",
5673,"KURSEONG",41,1,"",,"",
5674,"LAHERIASARAI",5,1,"",,"",
5675,"LAKHIMPUR",38,1,"",,"",
5676,"MADHUBANI",5,1,"",,"",
5677,"Raebareli",38,1,"",,"",
5678,"RADHAKISORPR",37,1,"",,"",
5679,"QUILON",19,1,"",,"",
5680,"PURNEA",5,1,"",,"",
5720,"Aizawl",62,1,"",,"",
5721,"Anantnag",15,1,"",,"",
5722,"Angamaly",19,1,"",,"",
5723,"Attingal",19,1,"",,"",
5724,"Azamgarh",38,1,"",,"",
5725,"Baddi",13,1,"",,"",
5726,"Bahadurgarh",13,1,"",,"",
5727,"Bahraich",38,1,"",,"",
5728,"Ballia",38,1,"",,"",
5730,"Barakar",41,1,"",,"",
5731,"Barasat",41,1,"",,"",
5732,"Bardez",11,1,"",,"",
5733,"Barpeta",4,1,"",,"",
5734,"Batanagar",41,1,"",,"",
5735,"Bathinda",32,1,"",,"",
5736,"Faizabad",38,1,"",,"",
5737,"Dwarka",12,1,"",,"",
5738,"KOTTARAKARA",19,1,"",,"",
5739,"Duliajan",4,1,"",,"",
5740,"Doom Dooma",4,1,"",,"",
5741,"KOZHENCHERY",19,1,"",,"",
5742,"Dimapur",4,1,"",,"",
5743,"Dhubri",4,1,"",,"",
5744,"MANALI",14,1,"",,"",
5745,"Dharamshala",14,1,"",,"",
5746,"Deoria Sadar",38,1,"",,"",
5747,"Dargamitta",2,1,"",,"",
5748,"Danapur",5,1,"",,"",
5749,"Medininagar",16,1,"",,"",
5750,"Coonoor",35,1,"",,"",
6360,"ACHANTA",2,1,"",,"",
6361,"PURULIYA",41,1,"",,"",
6362,"JHARIA",16,1,"",,"",
6363,"DIGVIJAYGRAM",12,1,"",,"",
6364,"OTHAKADAI",35,1,"",,"",
6365,"KALYANI",41,1,"",,"",
6366,"TARANAGAR",33,1,"",,"",
6367,"SIRSILLA",36,1,"",,"",
6368,"MEDAK",36,1,"",,"",
6369,"PASCHIMI SINGHBHUM",16,1,"",,"",
6370,"VANDALUR",35,1,"",,"",
6371,"FIROZABAD",38,1,"",,"",
6372,"RAMESWARAM",35,1,"",,"",
6373,"DHULIAN",41,1,"",,"",
6374,"GIDDERBAHA",32,1,"",,"",
6375,"CHAKDAHA",41,1,"",,"",
6376,"DIRBA",32,1,"",,"",
6377,"PERNEM",11,1,"",,"",
6378,"THAMARASSERY",19,1,"",,"",
6379,"KARANJIA",29,1,"",,"",
6380,"BADIGORA",33,1,"",,"",
6381,"BALACHAUR",32,1,"",,"",
6382,"BANGA",32,1,"",,"",
6383,"MACHHIWARA",32,1,"",,"",
6384,"DHARAMGARH",29,1,"",,"",
6385,"ANDIPATTI",35,1,"",,"",
6386,"NARAINGARH",13,1,"",,"",
6387,"MORINDA",32,1,"",,"",
6388,"TARAORI",13,1,"",,"",
6389,"TARKESHWAR",41,1,"",,"",
6390,"SHIGGAON",17,1,"",,"",
6391,"BUD BUD",41,1,"",,"",
6392,"BERHAMPORE",41,1,"",,"",
6393,"SULUR",35,1,"",,"",
6394,"ADILABAD",36,1,"",,"",
6395,"NARNAUL",13,1,"",,"",
6396,"BASUDEBPUR",29,1,"",,"",
6397,"ERSAMA",29,1,"",,"",
6398,"ATTABIRA",29,1,"",,"",
6399,"CHANDABALI",29,1,"",,"",
6400,"SWAIMADHOPUR",33,1,"",,"",
6401,"FARUKHABAD",38,1,"",,"",
6402,"ANUPGARH",33,1,"",,"",
6403,"GODBHAGA",29,1,"",,"",
6404,"PALODA",33,1,"",,"",
6405,"KHAIRTHAL",33,1,"",,"",
6406,"HARDA",21,1,"",,"",
6407,"SAINTALA",29,1,"",,"",
6408,"SONEPUR",29,1,"",,"",
6409,"KONDAPALLI",2,1,"",,"",
6410,"ADDANKI",2,1,"",,"",
6411,"WADSA",22,1,"",,"",
6412,"GHATOL",33,1,"",,"",
6413,"RAHAMA",29,1,"",,"",
6414,"KANKAVLI",22,1,"",,"",
6415,"BHOGPUR",32,1,"",,"",
6416,"MANDI DABWALI",13,1,"",,"",
6417,"LEHRAGAGA",32,1,"",,"",
6418,"NANJANGUD",17,1,"",,"",
6419,"DEHU ROAD",22,1,"",,"",
6420,"KUSHTAGI",17,1,"",,"",
6421,"BUDHLADA",32,1,"",,"",
6422,"CHEEKA",13,1,"",,"",
6423,"BHAWANIGARH",32,1,"",,"",
6424,"GURU HAR SAHAI",32,1,"",,"",
6425,"BEGOWAL",32,1,"",,"",
6426,"FALAKATA",41,1,"",,"",
6427,"HALIYAL",17,1,"",,"",
6428,"ELLENABAD",13,1,"",,"",
6429,"SHAHKOT",32,1,"",,"",
6430,"PUNDRI",13,1,"",,"",
6431,"PAONTA SAHIB",14,1,"",,"",
6432,"PHILLAUR",32,1,"",,"",
6433,"UDALA",29,1,"",,"",
6434,"LANJA",22,1,"",,"",
6435,"JUNAGARH",29,1,"",,"",
6436,"MALBAZAR",41,1,"",,"",
6437,"MANGALDOI",4,1,"",,"",
6438,"PATNAGARH",29,1,"",,"",
6439,"BAKSHI KA TALAV",38,1,"",,"",
6440,"LINGSUGUR",17,1,"",,"",
6441,"PATAUDI",13,1,"",,"",
6442,"LOSAL",33,1,"",,"",
6443,"BARARA",13,1,"",,"",
6444,"NILAGIRI",29,1,"",,"",
6445,"EGRA",41,1,"",,"",
6446,"SAKTI",7,1,"",,"",
6447,"KANDI",36,1,"",,"",
6448,"TARBHA",29,1,"",,"",
6449,"KURUNDVAD",22,1,"",,"",
6450,"SURATHKAL",17,1,"",,"",
6451,"JATANI",29,1,"",,"",
6452,"KISHANGARH BAS",33,1,"",,"",
6453,"PERNAMBUT",35,1,"",,"",
6454,"MADATHUKULAM",35,1,"",,"",
6455,"PATAN RJ",33,1,"",,"",
6456,"MAUGANJ",21,1,"",,"",
6457,"ROHAT",33,1,"",,"",
6458,"SINDI RAILWAY",22,1,"",,"",
6459,"CHODAVARAM",2,1,"",,"",
6460,"SATTENAPALLI",2,1,"",,"",
6461,"TIRUTURAIPUNDI",35,1,"",,"",
6462,"BAPATLA",2,1,"",,"",
6463,"RAZOLE",2,1,"",,"",
6464,"SAWANTWADI",22,1,"",,"",
6465,"KUDAL",22,1,"",,"",
5621,"Udham Singh Nagar district",39,1,"",,"",
5622,"Tripura",4,1,"",,"",
5644,"SINDHUDURG",22,1,"",,"",
5648,"SERAMAPORE",41,1,"",,"",
5649,"Imphal",42,1,"",,"",
5658,"RAMPUR",38,1,"",,"",
5659,"KALIMPONG",41,1,"",,"",
5660,"KALYAN",22,1,"",,"",
5661,"Kamakhya",4,1,"",,"",
5662,"KANGRA",14,1,"",,"",
5663,"karimganj",4,1,"",,"",
5664,"KATIHAR",5,1,"",,"",
5667,"KOCH BIHAR",41,1,"",,"",
5681,"PUNCHKULA",13,1,"",,"",
5682,"PUDUKOTTAI",35,1,"",,"",
5683,"PUDUCHERRY",35,1,"",,"",
5684,"PRATAPGARH",38,1,"",,"",
5685,"PITAMPURA",10,1,"",,"",
5686,"PIMPRI",22,1,"",,"",
5687,"PHAGWADA",32,1,"",,"",
5688,"PALAMPUR",14,1,"",,"",
5689,"PERINTHALMANNA",19,1,"",,"",
5690,"PANDU",16,1,"",,"",
5691,"PANAJI",11,1,"",,"",
5692,"PALGHAT",19,1,"",,"",
5693,"ORISSA",29,1,"",,"",
5694,"OOTACAMUND",35,1,"",,"",
5729,"Balurghat",41,1,"",,"",
5756,"Candolim",11,1,"",,"",
5757,"Calangute",11,1,"",,"",
5758,"Bongaigaon",4,1,"",,"",
5759,"Bihar Sharif",5,1,"",,"",
5760,"Bhusawal",22,1,"",,"",
5761,"Bhangagarh",4,1,"",,"",
5762,"Bettiah",5,1,"",,"",
5765,"24 PARGANAS",41,1,"",,"",
5766,"AMBERNATH",22,1,"",,"",
5767,"BADLAPUR",22,1,"",,"",
5768,"DIVA",22,1,"",,"",
6144,"HEBRI",17,1,"",,"",
6145,"MANAPPARAI",35,1,"",,"",
6146,"VELLAKOIL",35,1,"",,"",
6147,"PHULERAJUNCTION",33,1,"",,"",
6148,"BHAWANI MANDI",33,1,"",,"",
6149,"TAMLUK",41,1,"",,"",
6150,"SRIMADHOPUR",33,1,"",,"",
6151,"ARAKKONAM",35,1,"",,"",
6152,"VADAKKENCHERRY",19,1,"",,"",
6153,"CHARKHI DADRI",13,1,"",,"",
6154,"NARWANA",13,1,"",,"",
6155,"SRIKALAHASTI",2,1,"",,"",
6156,"BULANDSHAHR",38,1,"",,"",
6157,"NAGAON",4,1,"",,"",
6158,"PILANI",33,1,"",,"",
6159,"PANDALAM",19,1,"",,"",
6160,"VALLIYUR",35,1,"",,"",
6161,"AHMDAPUR",41,1,"",,"",
6162,"SAMANA",32,1,"",,"",
6163,"JAISALMER",33,1,"",,"",
6164,"NIMAPADA",29,1,"",,"",
6165,"SAFIDON",13,1,"",,"",
6166,"DIGGI MALPURA",33,1,"",,"",
6167,"VALANCHERY",19,1,"",,"",
6168,"LOHA",22,1,"",,"",
6169,"MANDLA",21,1,"",,"",
6170,"BRAJARAJNAGAR",29,1,"",,"",
6171,"CHAKUR",22,1,"",,"",
6172,"JEYPORE",29,1,"",,"",
6173,"RAGHUNATHPUR",41,1,"",,"",
6174,"RAGHUNATHGANJ",41,1,"",,"",
6175,"PATTRAN",32,1,"",,"",
6176,"KALOL",12,1,"",,"",
6177,"MAHASAMUND",7,1,"",,"",
6178,"BAIKUNTHPUR",7,1,"",,"",
6179,"BADAUN",38,1,"",,"",
6180,"MANENDRAGARH",38,1,"",,"",
6181,"KORUTLA",36,1,"",,"",
6182,"MAHAD",22,1,"",,"",
6183,"TARN TARAN",32,1,"",,"",
6184,"TILDA",7,1,"",,"",
6185,"BALODA BAZAR",7,1,"",,"",
6186,"BHADRACHALAM",36,1,"",,"",
6187,"BHATAPARA",7,1,"",,"",
6188,"SALEPUR",29,1,"",,"",
6189,"KATANGI",21,1,"",,"",
6190,"MOHANLAL GUNJ",38,1,"",,"",
6191,"BIAORA",21,1,"",,"",
6192,"KUSHALNAGAR",17,1,"",,"",
6193,"NAWARANGPUR",29,1,"",,"",
6194,"VEMPALLI",2,1,"",,"",
6195,"KATHUA",15,1,"",,"",
6196,"GADCHANDUR",22,1,"",,"",
6197,"TIKAMGARH",21,1,"",,"",
6198,"AHMEDGARH",32,1,"",,"",
6199,"HINDUPUR",2,1,"",,"",
6200,"FATEHPUR",38,1,"",,"",
6201,"SIDDAPUR",17,1,"",,"",
6202,"MARKAPUR",2,1,"",,"",
6203,"SINGHANA",33,1,"",,"",
6204,"MAHUVA",12,1,"",,"",
6205,"GANNAVARAM",2,1,"",,"",
6206,"RAILWAY KODURU",2,1,"",,"",
6207,"KHARSIA",7,1,"",,"",
6208,"BIJNOR",38,1,"",,"",
6209,"CHERPULASSERY",19,1,"",,"",
6210,"LONI",22,1,"",,"",
6211,"RAJNAGAR",21,1,"",,"",
6212,"KAKATAPUR",29,1,"",,"",
6213,"KESINGA",29,1,"",,"",
6214,"KOTDWARA",39,1,"",,"",
6215,"RAIKOT",32,1,"",,"",
6216,"ADAMPUR",32,1,"",,"",
6217,"SEDAM",17,1,"",,"",
6218,"SHAMSHABAD",36,1,"",,"",
6219,"RANIA",13,1,"",,"",
6220,"JANGAON",36,1,"",,"",
6221,"RENGALI",29,1,"",,"",
6222,"TALIKOTI",17,1,"",,"",
6223,"SHINDKHEDA",22,1,"",,"",
6224,"HANUMAN JUNCTION",2,1,"",,"",
6225,"MANASA",21,1,"",,"",
6226,"BELIATORE",41,1,"",,"",
6227,"PARASSALA",19,1,"",,"",
6228,"JAITU",32,1,"",,"",
6229,"PANDUA",41,1,"",,"",
6230,"PEDDAPALLE",36,1,"",,"",
6231,"ITARSI",21,1,"",,"",
6232,"KHANPUR",33,1,"",,"",
6233,"PANDARIA",7,1,"",,"",
6234,"GHARGHODA",7,1,"",,"",
6235,"CHAMRAJNAGAR",17,1,"",,"",
6236,"GUMMIDIPOONDI",35,1,"",,"",
6237,"BARABANKI",38,1,"",,"",
6238,"MOHOPADA",22,1,"",,"",
6239,"DHARWAR",17,1,"",,"",
6240,"BODVAD",22,1,"",,"",
6241,"JARAKA",29,1,"",,"",
6242,"BHUBAN",29,1,"",,"",
6243,"HONNALI",17,1,"",,"",
6244,"JHALDA",41,1,"",,"",
6245,"DAUND",22,1,"",,"",
6246,"SONITPUR",4,1,"",,"",
5769,"KANNAD",22,1,"",,"",
5770,"MANMAD",22,1,"",,"",
5771,"TEMBHURNI",22,1,"",,"",
5772,"MURTAJAPUR",22,1,"",,"",
5773,"ANJANGAON",22,1,"",,"",
5774,"KALWAN",22,1,"",,"",
5775,"SAKRI",22,1,"",,"",
5776,"ISLAMPUR",22,1,"",,"",
5777,"LASALGAON",22,1,"",,"",
5778,"BULDHANA",22,1,"",,"",
5779,"PULGAON",22,1,"",,"",
5780,"PUSAD",22,1,"",,"",
5781,"SILLOD",22,1,"",,"",
5782,"UMRED",22,1,"",,"",
5783,"UMRETH",12,1,"",,"",
5784,"VIRAMGAM",12,1,"",,"",
5785,"SACHIN",12,1,"",,"",
5786,"PANDHARAKWADA",22,1,"",,"",
5787,"ATUL",12,1,"",,"",
5788,"MODASA",12,1,"",,"",
5789,"DHARAMPUR",12,1,"",,"",
5790,"JHALOD",12,1,"",,"",
5791,"SHIKRAPUR",22,1,"",,"",
5792,"RAVER",22,1,"",,"",
5793,"WARORA",22,1,"",,"",
5794,"SIDDPUR",12,1,"",,"",
5795,"KHOPOLI",22,1,"",,"",
5796,"KHAMBHAT",12,1,"",,"",
5797,"BALASINOR",12,1,"",,"",
5798,"BODELI",12,1,"",,"",
5799,"RAMTEK",22,1,"",,"",
5800,"KOSAMBA",12,1,"",,"",
5801,"ALIBAG",22,1,"",,"",
5802,"ROHA",22,1,"",,"",
5803,"KARANJA",22,1,"",,"",
5804,"BASMAT",22,1,"",,"",
5805,"RAJPIPLA",12,1,"",,"",
5806,"SANGOLA",22,1,"",,"",
5807,"SINOR",12,1,"",,"",
5808,"KHEDA",12,1,"",,"",
5809,"KRISHNAGAR",41,1,"",,"",
5810,"BHADRAVATI",22,1,"",,"",
5811,"RAMANAGARA",17,1,"",,"",
5812,"THANGADH",12,1,"",,"",
5813,"TULJAPUR",22,1,"",,"",
5814,"HUMNABAD",17,1,"",,"",
5815,"VANSDA",12,1,"",,"",
5816,"GANGAVATHI",17,1,"",,"",
5817,"KAPADWANJ",12,1,"",,"",
5818,"ILKAL",17,1,"",,"",
5819,"DHOLKA",12,1,"",,"",
5820,"BHALKI",17,1,"",,"",
5821,"BASAVAKALYAN",17,1,"",,"",
5822,"SONGADH",12,1,"",,"",
5823,"MANDVI",12,1,"",,"",
5824,"NILANGA",22,1,"",,"",
5825,"BAGASARA",12,1,"",,"",
5826,"VITA",22,1,"",,"",
5827,"KOREGAON",22,1,"",,"",
5828,"LIMBDI",12,1,"",,"",
5829,"DEVADURGA",17,1,"",,"",
5830,"JASDAN",12,1,"",,"",
5831,"TUMSAR",22,1,"",,"",
5832,"MUDHOL",17,1,"",,"",
5833,"PAROLA",22,1,"",,"",
5834,"KALMESHWAR",22,1,"",,"",
5835,"ERANDOL",22,1,"",,"",
5836,"ARVI",22,1,"",,"",
5837,"UPLETA",12,1,"",,"",
5838,"GODHARA",12,1,"",,"",
5839,"CHINTAMANI",17,1,"",,"",
5840,"CHIKKABALLAPUR",17,1,"",,"",
5841,"SAKLESHPUR",17,1,"",,"",
5842,"CHALLAKERE",17,1,"",,"",
5843,"GONDAL",12,1,"",,"",
5844,"DAHEGAM",12,1,"",,"",
5845,"BIDADI",17,1,"",,"",
5846,"WANKANER",12,1,"",,"",
5847,"JETPUR",12,1,"",,"",
5848,"BEED",22,1,"",,"",
5849,"UNJHA",12,1,"",,"",
5850,"RISOD",22,1,"",,"",
5851,"GHOTI",22,1,"",,"",
5852,"JAMKHANDI",17,1,"",,"",
5853,"CHANNARAYAPATNA",17,1,"",,"",
5854,"SULLIA",17,1,"",,"",
5855,"SAVARKUNDLA",12,1,"",,"",
5856,"CHIKODI",17,1,"",,"",
5857,"TORANAGALLU",17,1,"",,"",
5858,"SHUJALPUR",21,1,"",,"",
5859,"NER",22,1,"",,"",
5860,"RANEBENNUR",17,1,"",,"",
5861,"NIPANI",17,1,"",,"",
5862,"GADHINGLAJ",22,1,"",,"",
5863,"DARWHA",22,1,"",,"",
5864,"DIGRAS",22,1,"",,"",
5865,"ASHOK NAGAR",21,1,"",,"",
5866,"ARSIKERE",17,1,"",,"",
5867,"ASHTA",21,1,"",,"",
5868,"RAISEN",21,1,"",,"",
5869,"UMARIA PAN",21,1,"",,"",
5870,"BASODA",21,1,"",,"",
5871,"PARASIA",21,1,"",,"",
5872,"CHALALA",12,1,"",,"",
5873,"JAORA",21,1,"",,"",
5874,"YADGIR",17,1,"",,"",
5875,"KOLLEGAL",17,1,"",,"",
5876,"PIPARIYA",21,1,"",,"",
5877,"VAIJAPUR",22,1,"",,"",
5878,"SHIRUR",22,1,"",,"",
5879,"DODDABALLAPUR",17,1,"",,"",
5880,"MANVI",17,1,"",,"",
5881,"KRISHNARAJPET",17,1,"",,"",
5882,"JALGAON JAMOD",22,1,"",,"",
5883,"MANGRULPIR",22,1,"",,"",
5884,"DEVGADH BARIA",12,1,"",,"",
5885,"CHANDUR RAILWAY",22,1,"",,"",
5886,"VADUJ",22,1,"",,"",
5887,"SIRVAR",17,1,"",,"",
5888,"SIHORA",21,1,"",,"",
5889,"MOODBIDRI",17,1,"",,"",
5890,"PAVANI",22,1,"",,"",
5891,"HIRIYUR",17,1,"",,"",
5892,"ARNI",22,1,"",,"",
5893,"RATANGARH",33,1,"",,"",
5894,"DIDWANA",33,1,"",,"",
5895,"SIRA",17,1,"",,"",
5896,"SANAVAD",21,1,"",,"",
5897,"SAGWARA",33,1,"",,"",
5898,"CHOMU",33,1,"",,"",
5899,"ATHNI",17,1,"",,"",
5900,"CHANNAPATNA",17,1,"",,"",
5901,"SIRUGUPPA",17,1,"",,"",
5902,"KUMTA",17,1,"",,"",
5903,"BADAMI",17,1,"",,"",
5904,"OSMANABAD",22,1,"",,"",
5905,"BAILHONGAL",17,1,"",,"",
5906,"NOKHA",33,1,"",,"",
5907,"MURUD",22,1,"",,"",
5908,"TIPTUR",17,1,"",,"",
5909,"PARTAPUR",33,1,"",,"",
5910,"SINDGI",17,1,"",,"",
5911,"LAXMESHWAR",17,1,"",,"",
5912,"VIJAPUR",12,1,"",,"",
5913,"MADHUGIRI",17,1,"",,"",
5914,"MAIHAR",21,1,"",,"",
5915,"MANGAON",22,1,"",,"",
5916,"DEOLI",33,1,"",,"",
5917,"CHANNAGIRI",17,1,"",,"",
5918,"HAGARIBOMMANAHALLI",17,1,"",,"",
5919,"SHRINAGARTALI",22,1,"",,"",
5920,"UDUMALPET",35,1,"",,"",
5921,"PATTIKONDA",2,1,"",,"",
5922,"RAYADURG",2,1,"",,"",
5923,"AMGAON",22,1,"",,"",
5924,"KOTMA",21,1,"",,"",
5925,"PILIBANGA",33,1,"",,"",
5926,"SIVAKASI",35,1,"",,"",
5927,"GUDIYATTAM",35,1,"",,"",
5928,"TIRUVANNAMALAI",35,1,"",,"",
966,"Alipore",41,1,"",,"",
941,"Tirur",32,1,"",,"",
942,"Sri Ganganagar",32,1,"",,"",
946,"Karunagappalli",19,1,"",,"",
594,"Chandigarh",6,1,"",,"",
887,"Gandhidham",12,1,"",,"",
888,"Gandhinagar",12,1,"",,"",
612,"Bhilai",7,1,"",,"",
613,"Bilaspur",7,1,"",,"",
625,"Dhamtari",7,1,"",,"",
642,"Jagdalpur",7,1,"",,"",
648,"Kawardha",7,1,"",,"",
658,"Korba",7,1,"",,"",
678,"Patan",7,1,"",,"",
683,"Raigarh",7,1,"",,"",
684,"Raipur",7,1,"",,"",
687,"Rajnandgaon",7,1,"",,"",
703,"Silvassa",8,1,"",,"",
706,"Delhi",10,1,"",,"",
707,"New Delhi",10,1,"",,"",
733,"Goa",11,1,"",,"",
741,"Mapusa",11,1,"",,"",
742,"Margao",11,1,"",,"",
756,"Ponda",11,1,"",,"",
757,"Porvorim",11,1,"",,"",
777,"Vasco",11,1,"",,"",
783,"Ahmedabad",12,1,"",,"",
789,"Amreli",12,1,"",,"",
791,"Anand",12,1,"",,"",
795,"Ankleshwar",12,1,"",,"",
811,"Bardoli",12,1,"",,"",
819,"Bharuch",12,1,"",,"",
821,"Bhavnagar",12,1,"",,"",
833,"Borsad",12,1,"",,"",
834,"Botad",12,1,"",,"",
854,"Dabhoi",12,1,"",,"",
856,"Dahod",12,1,"",,"",
859,"Deesa",12,1,"",,"",
15,"Amalapuram",2,1,"",,"",
1204,"Yamunanagar",13,1,"",,"",
18,"Anakapalle",2,1,"",,"",
19,"Anantapur",2,1,"",,"",
35,"Bhimavaram",2,1,"",,"",
46,"Chilakaluripet",2,1,"",,"",
54,"Chittoor",2,1,"",,"",
59,"Cumbum",2,1,"",,"",
67,"East Godavari Dist.",2,1,"",,"",
71,"Eluru",2,1,"",,"",
82,"Giddalur",2,1,"",,"",
88,"Gudur",2,1,"",,"",
89,"Guntakal",2,1,"",,"",
90,"Guntur",2,1,"",,"",
103,"Kakinada",2,1,"",,"",
116,"Kavali",2,1,"",,"",
133,"Kurnool",2,1,"",,"",
138,"Machilipatnam",2,1,"",,"",
139,"Madanapalle",2,1,"",,"",
149,"Mandapeta",2,1,"",,"",
167,"Narasaraopet",2,1,"",,"",
176,"Nellore",2,1,"",,"",
180,"Ongole",2,1,"",,"",
188,"Palmaner",2,1,"",,"",
190,"Panjim",2,1,"",,"",
215,"Rajahmundry",2,1,"",,"",
228,"Rayachoti",2,1,"",,"",
233,"Repalle",2,1,"",,"",
257,"Tadepalligudem",2,1,"",,"",
260,"Tanuku",2,1,"",,"",
262,"Tenali",2,1,"",,"",
266,"Tirupati",2,1,"",,"",
269,"Tuni",2,1,"",,"",
285,"Vijayawada",2,1,"",,"",
287,"Visakhapatnam",2,1,"",,"",
1210,"Bhuntar",14,1,"",,"",
898,"Himatnagar",12,1,"",,"",
1261,"Seoni",14,1,"",,"",
1262,"Shimla",14,1,"",,"",
1264,"Solan",14,1,"",,"",
1303,"Jammu",15,1,"",,"",
1373,"Bokaro",16,1,"",,"",
1376,"Chaibasa",16,1,"",,"",
1378,"Chakradharpur",16,1,"",,"",
1396,"Dhanbad",16,1,"",,"",
1401,"Dumka",16,1,"",,"",
1408,"Giridih",16,1,"",,"",
1425,"Jamshedpur",16,1,"",,"",
1450,"Kodarma",16,1,"",,"",
1488,"Phusro",16,1,"",,"",
1491,"Ramgarh",16,1,"",,"",
1492,"Ranchi",16,1,"",,"",
894,"Halol",12,1,"",,"",
905,"Jamnagar",12,1,"",,"",
7,"Adoni",2,1,"",,"",
986,"Navsari",12,1,"",,"",
993,"Palanpur",12,1,"",,"",
995,"Pali",12,1,"",,"",
1011,"Rajkot",12,1,"",,"",
1041,"Surat",12,1,"",,"",
1068,"Vadodara",12,1,"",,"",
1072,"Valsad",12,1,"",,"",
1075,"Vapi",12,1,"",,"",
1089,"Visnagar",12,1,"",,"",
1090,"Vyara",12,1,"",,"",
1096,"Ambala",13,1,"",,"",
1108,"Bhiwani",13,1,"",,"",
1119,"Faridabad",13,1,"",,"",
1121,"Fatehabad",13,1,"",,"",
1126,"Gurgaon",13,1,"",,"",
1131,"Hisar",13,1,"",,"",
1135,"Jagadhri",13,1,"",,"",
1138,"Jind",13,1,"",,"",
1140,"Kaithal",13,1,"",,"",
1144,"Kalka",13,1,"",,"",
1148,"Karnal",13,1,"",,"",
1152,"Kurukshetra",13,1,"",,"",
1166,"Palwal",13,1,"",,"",
1167,"Panchkula",13,1,"",,"",
1168,"Panipat",13,1,"",,"",
1180,"Rewari",13,1,"",,"",
1181,"Rohtak",13,1,"",,"",
1182,"Ropar",32,1,"",,"",
1189,"Sirsa",13,1,"",,"",
1192,"Sonipat",13,1,"",,"",
288,"Vizianagaram",2,1,"",,"",
975,"Rawatbhata",33,1,"",,"",
976,"Ranipet",35,1,"",,"",
351,"Dibrugarh",4,1,"",,"",
371,"Guwahati",4,1,"",,"",
435,"Silchar",4,1,"",,"",
499,"Gaya",5,1,"",,"",
528,"Kharagpur",5,1,"",,"",
584,"Sitamarhi",5,1,"",,"",
553,"Muzaffarpur",5,1,"",,"",
563,"Patna",5,1,"",,"",
2109,"Balaghat",21,1,"",,"",
2131,"Betul",21,1,"",,"",
2145,"Bhopal",21,1,"",,"",
2159,"Burhanpur",21,1,"",,"",
2168,"Chhatarpur",21,1,"",,"",
2185,"Dewas",21,1,"",,"",
2214,"Gwalior",21,1,"",,"",
2225,"Hoshangabad",21,1,"",,"",
2229,"Indore",21,1,"",,"",
2232,"Jabalpur",21,1,"",,"",
2310,"Mandideep",21,1,"",,"",
2313,"Mandsaur",21,1,"",,"",
2334,"Nagda",21,1,"",,"",
2344,"Narsinghpur",21,1,"",,"",
2384,"Pithampur",21,1,"",,"",
2401,"Ratlam",21,1,"",,"",
2408,"Sagar",21,1,"",,"",
5502,"Kasaragod",19,1,"",,"",
5505,"Kanhangad",19,1,"",,"",
5519,"Bhagalpur",5,1,"",,"",
5520,"Berhampur",29,1,"",,"",
5521,"Batlagundu",35,1,"",,"",
5522,"Bantwal",17,1,"",,"",
5523,"Balotra",33,1,"",,"",
3327,"Bhilwara",33,1,"",,"",
3330,"Bhiwadi",33,1,"",,"",
3332,"Bikaner",33,1,"",,"",
3346,"Chittorgarh",33,1,"",,"",
3348,"Churu",33,1,"",,"",
3378,"Jaipur",33,1,"",,"",
3382,"Jalore",33,1,"",,"",
3383,"Jhalawar",33,1,"",,"",
3387,"Jodhpur",33,1,"",,"",
3411,"Kota",33,1,"",,"",
3444,"Nagaur",33,1,"",,"",
3482,"Rajsamand",33,1,"",,"",
3510,"Sirohi",33,1,"",,"",
3532,"Udaipur",33,1,"",,"",
3540,"Gangtok",34,1,"",,"",
3578,"Ambur",35,1,"",,"",
3885,"Kumbakonam",35,1,"",,"",
5499,"Khuldabad",22,1,"",,"",
5500,"Kayamkulam",19,1,"",,"",
977,"Quilandy",19,1,"",,"",
978,"Puri",29,1,"",,"",
979,"Prakasam",2,1,"",,"",
980,"Ponnani",19,1,"",,"",
981,"Perintalmanna",19,1,"",,"",
982,"Pattukkottai",35,1,"",,"",
983,"Ottapalam",19,1,"",,"",
984,"Nilambur",19,1,"",,"",
985,"Nandyal",2,1,"",,"",
5485,"Ambikapur",7,1,"",,"",
5486,"Nainital",39,1,"",,"",
5487,"Nadia",41,1,"",,"",
5488,"Mavelikkara",19,1,"",,"",
5489,"Makrana",33,1,"",,"",
5490,"Mahe",19,1,"",,"",
5491,"Madukkur",35,1,"",,"",
5492,"Kuchaman",33,1,"",,"",
2428,"Shahdol",21,1,"",,"",
5493,"Krishnanagar",41,1,"",,"",
5494,"Kozhencherry",19,1,"",,"",
2435,"Shivpuri",21,1,"",,"",
2440,"Singrauli",21,1,"",,"",
2465,"Ujjain",21,1,"",,"",
2478,"Ahmednagar",22,1,"",,"",
2482,"Akola",22,1,"",,"",
2488,"Amalner",22,1,"",,"",
2494,"Amravati",22,1,"",,"",
2499,"Aurangabad",22,1,"",,"",
2505,"Ballarpur",22,1,"",,"",
2512,"Bhandara",22,1,"",,"",
2515,"Bhiwandi",22,1,"",,"",
2532,"Chalisgaon",22,1,"",,"",
2533,"Chandrapur",22,1,"",,"",
2543,"Chiplun",22,1,"",,"",
2547,"Dahanu",22,1,"",,"",
2567,"Dhule",22,1,"",,"",
2574,"Durgapur",22,1,"",,"",
2592,"Gondia",22,1,"",,"",
2596,"Hinganghat",22,1,"",,"",
2599,"Ichalkaranji",22,1,"",,"",
2603,"Jalgaon",22,1,"",,"",
2604,"Jalna",22,1,"",,"",
2628,"Karad",22,1,"",,"",
2632,"Karjat",22,1,"",,"",
2641,"Khamgaon",22,1,"",,"",
2652,"Kolhapur",22,1,"",,"",
2655,"Kopargaon",22,1,"",,"",
2668,"Latur",22,1,"",,"",
2672,"Lonavala",22,1,"",,"",
2679,"Malegaon",22,1,"",,"",
2681,"Malkapur",22,1,"",,"",
2707,"Mumbai",22,1,"",,"",
2715,"Nagpur",22,1,"",,"",
2719,"Nanded",22,1,"",,"",
963,"West Godavari",2,1,"",,"",
964,"Vellore",35,1,"",,"",
2722,"Nandurbar",22,1,"",,"",
965,"Aligarh",38,1,"",,"",
2724,"Nashik",22,1,"",,"",
967,"Tiruvallur",35,1,"",,"",
2726,"Navi Mumbai",22,1,"",,"",
968,"Thodupuzha",19,1,"",,"",
5501,"Katpadi",35,1,"",,"",
5503,"Karwar",17,1,"",,"",
5504,"Karimnagar",36,1,"",,"",
5510,"Ernakulam",19,1,"",,"",
5514,"Kadapa",2,1,"",,"",
5515,"Chirala",2,1,"",,"",
5516,"Chengalpattu",35,1,"",,"",
2736,"Pachora",22,1,"",,"",
2743,"Pandharpur",22,1,"",,"",
2747,"Parbhani",22,1,"",,"",
2757,"Pen",22,1,"",,"",
2759,"Phaltan",22,1,"",,"",
2763,"Pune",22,1,"",,"",
2770,"Rahuri",22,1,"",,"",
2773,"Rajgurunagar",22,1,"",,"",
2777,"Ratnagiri",22,1,"",,"",
2785,"Sangamner",22,1,"",,"",
2786,"Sangli",22,1,"",,"",
2791,"Satara",22,1,"",,"",
2797,"Shahada",22,1,"",,"",
2804,"Shirpur",22,1,"",,"",
2821,"Solapur",22,1,"",,"",
2827,"Talegaon Dabhade",22,1,"",,"",
2836,"Thane",22,1,"",,"",
2843,"Udgir",22,1,"",,"",
2864,"Virar",22,1,"",,"",
2874,"Wani",22,1,"",,"",
2875,"Wardha",22,1,"",,"",
2878,"Warud",22,1,"",,"",
2879,"Washim",22,1,"",,"",
2881,"Yavatmal",22,1,"",,"",
2931,"Shillong",24,1,"",,"",
2972,"Balangir",29,1,"",,"",
2973,"Balasore",29,1,"",,"",
2982,"Bargarh",29,1,"",,"",
2983,"Baripada",29,1,"",,"",
2991,"Bhadrak",29,1,"",,"",
2995,"Bhubaneswar",29,1,"",,"",
3010,"Chatrapur",29,1,"",,"",
3014,"Cuttack",29,1,"",,"",
3021,"Dhenkanal",29,1,"",,"",
3033,"Jagatsinghapur",29,1,"",,"",
3040,"Jharsuguda",29,1,"",,"",
3051,"Kendrapara",29,1,"",,"",
3053,"Keonjhar",29,1,"",,"",
3065,"Koraput",29,1,"",,"",
3082,"Paradip",29,1,"",,"",
3098,"Rayagada",29,1,"",,"",
3102,"Rourkela",29,1,"",,"",
3103,"Sambalpur",29,1,"",,"",
3109,"Sundargarh",29,1,"",,"",
3124,"Pondicherry",31,1,"",,"",
3127,"Abohar",32,1,"",,"",
3134,"Amritsar",32,1,"",,"",
3145,"Barnala",32,1,"",,"",
3147,"Batala",32,1,"",,"",
3169,"Dera Bassi",32,1,"",,"",
3178,"Faridkot",32,1,"",,"",
3183,"Firozpur",32,1,"",,"",
3193,"Gurdaspur",32,1,"",,"",
3198,"Hoshiarpur",32,1,"",,"",
3200,"Jagraon",32,1,"",,"",
3203,"Jalandhar",32,1,"",,"",
3208,"Kapurthala",32,1,"",,"",
3213,"Khanna",32,1,"",,"",
3214,"Kharar",32,1,"",,"",
3225,"Ludhiana",32,1,"",,"",
6484,"Delhi NCR",10,1,"",,"",
6485,"GACHIBOWLI",36,1,"",,"",
6486,"KANKE",16,1,"",,"",
6487,"Punjagutta",36,1,"",,"",
6488,"WAGHODIA",12,1,"",,"",
3039,"Salepur",29,1,"",,"",
6489,"Dhrangadhra",12,1,"",,"",
6490,"Harpanhalli",17,1,"",,"",
6491,"Jagatsinghpur",29,1,"",,"",
6492,"Jaggayyapeta",2,1,"",,"",
6494,"Marwad Jn",33,1,"",,"",
6495,"Mohpada",22,1,"",,"",
6496,"Mudigere",17,1,"",,"",
6497,"Murtazapur",22,1,"",,"",
6498,"Nathdwara",33,1,"",,"",
6499,"Nilokheri",13,1,"",,"",
6500,"Rajgarh",21,1,"",,"",
6501,"Similiguda",29,1,"",,"",
6502,"Umaria",21,1,"",,"",
6503,"Umarkhed",22,1,"",,"",
6504,"Yadiki",2,1,"",,"",
6505,"Kadur",17,1,"",,"",
6506,"Kathlal",12,1,"",,"",
6507,"Mudigere",17,1,"",,"",
6508,"Mundargi",17,1,"",,"",
6509,"Punganur",2,1,"",,"",
6510,"DHANDHUKA",12,1,"",,"",
6511,"VADAPALANI ",35,1,"",,"",
6512,"KOTAKKAL",19,1,"",,"",
6513,"MOSHI",22,1,"",,"",
6514,"MAHBOOBNAGAR",36,1,"",,"",
6515,"JALPAGURI",41,1,"",,"",
6516,"HISSAR",13,1,"",,"",
6517,"MALAD",22,1,"",,"",
6518,"KANCHEEPURAM",35,1,"",,"",
6519,"GAUTAM BUDDHA NAGAR",38,1,"",,"",
6520,"RANGAREDDY",36,1,"",,"",
6521,"DEOLALI",22,1,"",,"",
6522,"CHINNASALEM",35,1,"",,"",
6523,"DHANDHUKA",12,1,"",,"",
6524,"MANGALAGIRI",2,1,"",,"",
6525,"UDIPI",17,1,"",,"",
6526,"GUDAVENCHERY",35,1,"",,"",
6527,"KAMRUP",4,1,"",,"",
6528,"MALAPURAM",19,1,"",,"",
6529,"CHENGALPET",35,1,"",,"",
6530,"KINATHUKADAVU",35,1,"",,"",
6531,"KANKE",16,1,"",,"",
6532,"KALAMASSERY",19,1,"",,"",
6533,"MANALIL",35,1,"",,"",
